route_id,origin,destination,original_flood_prob,alternative_flood_prob,risk_reduction,original_time_s,alternative_time_s,extra_time_min
20104003910,Super Highway,Transami,0.067,0.067,0.0,1469.6257243035875,1469.6257243035875,0.0
30603373812,Dune,Rounda,0.306,0.222,0.084,868.3181535984642,899.082497333482,0.5
40705383911,Quickmart,Muthurwa,0.342,0.095,0.247,1479.5661984813055,2015.1890106341618,8.9
50700003311,Utawala,Kencom/Ambassadeur,0.315,0.068,0.247,1494.0865016169007,1770.2747289797571,4.6
50700014501,Ruiru,Ruai Bypass,0.122,0.122,0.0,1108.4820500003511,1108.4820500003511,0.0
50700033H01,By Pass,Cabanas,0.317,0.065,0.253,1083.1138001011182,1594.1315674538441,8.5
50703033J01,Githunguri,Cabanas,0.378,0.102,0.276,881.7879492513398,951.5240511724944,1.2
